-- Insert genres (unique values)
INSERT OR IGNORE INTO Genres (name) VALUES ('Crime');
INSERT OR IGNORE INTO Genres (name) VALUES ('Drama');
INSERT OR IGNORE INTO Genres (name) VALUES ('Biography');
INSERT OR IGNORE INTO Genres (name) VALUES ('History');
INSERT OR IGNORE INTO Genres (name) VALUES ('Sport');
INSERT OR IGNORE INTO Genres (name) VALUES ('Romance');
INSERT OR IGNORE INTO Genres (name) VALUES ('War');
INSERT OR IGNORE INTO Genres (name) VALUES ('Mystery');
INSERT OR IGNORE INTO Genres (name) VALUES ('Adventure');
INSERT OR IGNORE INTO Genres (name) VALUES ('Family');
INSERT OR IGNORE INTO Genres (name) VALUES ('Fantasy');
INSERT OR IGNORE INTO Genres (name) VALUES ('Thriller');
INSERT OR IGNORE INTO Genres (name) VALUES ('Horror');
INSERT OR IGNORE INTO Genres (name) VALUES ('Film-Noir');
INSERT OR IGNORE INTO Genres (name) VALUES ('Musical');
INSERT OR IGNORE INTO Genres (name) VALUES ('Action');
INSERT OR IGNORE INTO Genres (name) VALUES ('Sci-fi');
INSERT OR IGNORE INTO Genres (name) VALUES ('Comedy');
INSERT OR IGNORE INTO Genres (name) VALUES ('Western');
INSERT OR IGNORE INTO Genres (name) VALUES ('Music');

-- Insert movies
INSERT INTO Movies (title, release_year, rating) VALUES ('The Godfather', 1972, 9.2);
INSERT INTO Movies (title, release_year, rating) VALUES ('The Shawshank Redemption', 1994, 9.3);
INSERT INTO Movies (title, release_year, rating) VALUES ('Schindler''s List', 1993, 8.9);
INSERT INTO Movies (title, release_year, rating) VALUES ('Raging Bull', 1980, 8.2);
INSERT INTO Movies (title, release_year, rating) VALUES ('Casablanca', 1942, 8.5);
INSERT INTO Movies (title, release_year, rating) VALUES ('Citizen Kane', 1941, 8.4);
INSERT INTO Movies (title, release_year, rating) VALUES ('Gone With The Wind', 1939, 8.2);
INSERT INTO Movies (title, release_year, rating) VALUES ('The Wizard Of Oz', 1939, 8.0);
INSERT INTO Movies (title, release_year, rating) VALUES ('One Flew Over The Cuckoo''s Nest', 1975, 8.7);
INSERT INTO Movies (title, release_year, rating) VALUES ('Lawrence Of Arabia', 1962, 8.3);
INSERT INTO Movies (title, release_year, rating) VALUES ('Vertigo', 1958, 8.3);
INSERT INTO Movies (title, release_year, rating) VALUES ('Psycho', 1960, 8.5);
INSERT INTO Movies (title, release_year, rating) VALUES ('The Godfather part II', 1974, 9.0);
INSERT INTO Movies (title, release_year, rating) VALUES ('On The Waterfront', 1954, 8.2);
INSERT INTO Movies (title, release_year, rating) VALUES ('Sunset Boulevard', 1950, 8.4);
INSERT INTO Movies (title, release_year, rating) VALUES ('Forrest Gump', 1994, 8.8);
INSERT INTO Movies (title, release_year, rating) VALUES ('The Sound Of Music', 1965, 8.0);
INSERT INTO Movies (title, release_year, rating) VALUES ('12 Angry Men', 1957, 8.9);
INSERT INTO Movies (title, release_year, rating) VALUES ('West Side Story', 1961, 7.6);
INSERT INTO Movies (title, release_year, rating) VALUES ('Star Wars', 1977, 8.6);
INSERT INTO Movies (title, release_year, rating) VALUES ('2001 A Space Odyssey', 1968, 8.3);
INSERT INTO Movies (title, release_year, rating) VALUES ('ET', 1982, 7.9);
INSERT INTO Movies (title, release_year, rating) VALUES ('The Silence Of The Lambs', 1991, 8.6);
INSERT INTO Movies (title, release_year, rating) VALUES ('Chinatown', 1974, 8.2);
INSERT INTO Movies (title, release_year, rating) VALUES ('The Bridge Over The River Kwai', 1957, 8.2);
INSERT INTO Movies (title, release_year, rating) VALUES ('Singin'' In The Rain', 1952, 8.3);
INSERT INTO Movies (title, release_year, rating) VALUES ('It''s A Wonderful Life', 1946, 8.6);
INSERT INTO Movies (title, release_year, rating) VALUES ('Dr. Strangelove Or How I Learned To Stop Worrying And Love The Bomb', 1964, 8.4);
INSERT INTO Movies (title, release_year, rating) VALUES ('Some Like It Hot', 1959, 8.2);
INSERT INTO Movies (title, release_year, rating) VALUES ('Ben Hur', 1959, 8.1);
INSERT INTO Movies (title, release_year, rating) VALUES ('Apocalypse Now', 1979, 8.5);
INSERT INTO Movies (title, release_year, rating) VALUES ('Amadeus', 1984, 8.3);
INSERT INTO Movies (title, release_year, rating) VALUES ('Lord Of The Rings - The Return Of The King', 2003, 8.9);
INSERT INTO Movies (title, release_year, rating) VALUES ('Gladiator', 2000, 8.5);
INSERT INTO Movies (title, release_year, rating) VALUES ('Titanic', 1997, 7.8);
INSERT INTO Movies (title, release_year, rating) VALUES ('From Here To Eternity', 1953, 7.7);
INSERT INTO Movies (title, release_year, rating) VALUES ('Saving Private Ryan', 1998, 8.6);
INSERT INTO Movies (title, release_year, rating) VALUES ('Unforgiven', 1992, 8.2);
INSERT INTO Movies (title, release_year, rating) VALUES ('Raiders Of The Lost Ark', 1981, 8.5);
INSERT INTO Movies (title, release_year, rating) VALUES ('Rocky', 1976, 8.1);
INSERT INTO Movies (title, release_year, rating) VALUES ('A Streetcar Named Desire', 1951, 8.0);
INSERT INTO Movies (title, release_year, rating) VALUES ('A Philadelphia Story', 1940, 8.0);
INSERT INTO Movies (title, release_year, rating) VALUES ('To Kill A Mockingbird', 1962, 8.3);
INSERT INTO Movies (title, release_year, rating) VALUES ('An American In Paris', 1951, 7.2);
INSERT INTO Movies (title, release_year, rating) VALUES ('The Best Years Of Our Lives', 1946, 8.1);
INSERT INTO Movies (title, release_year, rating) VALUES ('My Fair Lady', 1964, 7.9);
INSERT INTO Movies (title, release_year, rating) VALUES ('A Clockwork Orange', 1971, 8.3);
INSERT INTO Movies (title, release_year, rating) VALUES ('Doctor Zhivago', 1965, 8.0);
INSERT INTO Movies (title, release_year, rating) VALUES ('The Searchers', 1956, 8.0);
INSERT INTO Movies (title, release_year, rating) VALUES ('Jaws', 1975, 8.0);
INSERT INTO Movies (title, release_year, rating) VALUES ('Patton', 1970, 8.0);
INSERT INTO Movies (title, release_year, rating) VALUES ('Butch Cassidy And The Sundance Kid', 1969, 8.1);
INSERT INTO Movies (title, release_year, rating) VALUES ('The Treasure Of The Sierra Madre', 1948, 8.3);
INSERT INTO Movies (title, release_year, rating) VALUES ('The Good, The Bad And The Ugly', 1966, 8.9);
INSERT INTO Movies (title, release_year, rating) VALUES ('The Apartment', 1960, 8.3);
INSERT INTO Movies (title, release_year, rating) VALUES ('Platoon', 1986, 8.1);
INSERT INTO Movies (title, release_year, rating) VALUES ('High Noon', 1952, 8.0);
INSERT INTO Movies (title, release_year, rating) VALUES ('Braveheart', 1995, 8.4);
INSERT INTO Movies (title, release_year, rating) VALUES ('Dances With Wolves', 1990, 8.0);
INSERT INTO Movies (title, release_year, rating) VALUES ('Jurassic Park', 1993, 8.1);
INSERT INTO Movies (title, release_year, rating) VALUES ('The Exorcist', 1973, 8.0);
INSERT INTO Movies (title, release_year, rating) VALUES ('The Pianist', 2002, 8.5);
INSERT INTO Movies (title, release_year, rating) VALUES ('Goodfellas', 1990, 8.7);
INSERT INTO Movies (title, release_year, rating) VALUES ('The Deer Hunter', 1978, 8.1);
INSERT INTO Movies (title, release_year, rating) VALUES ('All Quiet On The Western Front', 1930, 8.1);
INSERT INTO Movies (title, release_year, rating) VALUES ('Bonny And Clyde', 1967, 7.9);
INSERT INTO Movies (title, release_year, rating) VALUES ('The French Connection', 1971, 7.8);
INSERT INTO Movies (title, release_year, rating) VALUES ('City Lights', 1931, 8.5);
INSERT INTO Movies (title, release_year, rating) VALUES ('It Happened One Night', 1934, 8.1);
INSERT INTO Movies (title, release_year, rating) VALUES ('A Place In The Sun', 1951, 7.8);
INSERT INTO Movies (title, release_year, rating) VALUES ('Midnight Cowboy', 1969, 7.9);
INSERT INTO Movies (title, release_year, rating) VALUES ('Mr Smith Goes To Washington', 1939, 8.2);
INSERT INTO Movies (title, release_year, rating) VALUES ('Rain Man', 1988, 8.0);
INSERT INTO Movies (title, release_year, rating) VALUES ('Annie Hall', 1977, 8.0);
INSERT INTO Movies (title, release_year, rating) VALUES ('Fargo', 1996, 8.1);
INSERT INTO Movies (title, release_year, rating) VALUES ('Giant', 1956, 7.7);
INSERT INTO Movies (title, release_year, rating) VALUES ('Shane', 1953, 7.7);
INSERT INTO Movies (title, release_year, rating) VALUES ('Grapes Of Wrath', 1940, 8.1);
INSERT INTO Movies (title, release_year, rating) VALUES ('The Green Mile', 1999, 8.5);
INSERT INTO Movies (title, release_year, rating) VALUES ('Close Encounters', 1977, 7.7);
INSERT INTO Movies (title, release_year, rating) VALUES ('Nashville', 1975, 7.8);
INSERT INTO Movies (title, release_year, rating) VALUES ('Network', 1976, 8.1);
INSERT INTO Movies (title, release_year, rating) VALUES ('The Graduate', 1967, 8.0);
INSERT INTO Movies (title, release_year, rating) VALUES ('American Graffiti', 1973, 7.5);
INSERT INTO Movies (title, release_year, rating) VALUES ('Pulp Fiction', 1994, 8.9);
INSERT INTO Movies (title, release_year, rating) VALUES ('Terms of Endearment', 1983, 7.4);
INSERT INTO Movies (title, release_year, rating) VALUES ('Good Will Hunting', 1997, 8.3);
INSERT INTO Movies (title, release_year, rating) VALUES ('The African Queen', 1951, 7.9);
INSERT INTO Movies (title, release_year, rating) VALUES ('Stagecoach', 1939, 7.9);
INSERT INTO Movies (title, release_year, rating) VALUES ('Mutiny On The Bounty', 1935, 7.8);
INSERT INTO Movies (title, release_year, rating) VALUES ('The Great Dictator', 1940, 8.5);
INSERT INTO Movies (title, release_year, rating) VALUES ('Double Indemnity', 1944, 8.3);
INSERT INTO Movies (title, release_year, rating) VALUES ('The Maltese Falcon', 1941, 8.1);
INSERT INTO Movies (title, release_year, rating) VALUES ('Wuthering Heights', 1939, 7.7);
INSERT INTO Movies (title, release_year, rating) VALUES ('Taxi Driver', 1976, 8.3);
INSERT INTO Movies (title, release_year, rating) VALUES ('Rear Window', 1954, 8.5);
INSERT INTO Movies (title, release_year, rating) VALUES ('The Third Man', 1949, 8.2);
INSERT INTO Movies (title, release_year, rating) VALUES ('Rebel Without A Cause', 1955, 7.8);
INSERT INTO Movies (title, release_year, rating) VALUES ('North By Northwest', 1959, 8.3);
INSERT INTO Movies (title, release_year, rating) VALUES ('Yankee Doodle Dandy', 1942, 7.7);

-- Insert Movies_Genres relationships
INSERT INTO Movies_Genres (movie_id, name) VALUES (1, 'Crime');
INSERT INTO Movies_Genres (movie_id, name) VALUES (1, 'Drama');
INSERT INTO Movies_Genres (movie_id, name) VALUES (2, 'Drama');
INSERT INTO Movies_Genres (movie_id, name) VALUES (3, 'Biography');
INSERT INTO Movies_Genres (movie_id, name) VALUES (3, 'Drama');
INSERT INTO Movies_Genres (movie_id, name) VALUES (3, 'History');
INSERT INTO Movies_Genres (movie_id, name) VALUES (4, 'Biography');
INSERT INTO Movies_Genres (movie_id, name) VALUES (4, 'Drama');
INSERT INTO Movies_Genres (movie_id, name) VALUES (4, 'Sport');
INSERT INTO Movies_Genres (movie_id, name) VALUES (5, 'Drama');
INSERT INTO Movies_Genres (movie_id, name) VALUES (5, 'Romance');
INSERT INTO Movies_Genres (movie_id, name) VALUES (5, 'War');
INSERT INTO Movies_Genres (movie_id, name) VALUES (6, 'Drama');
INSERT INTO Movies_Genres (movie_id, name) VALUES (6, 'Mystery');
INSERT INTO Movies_Genres (movie_id, name) VALUES (7, 'Drama');
INSERT INTO Movies_Genres (movie_id, name) VALUES (7, 'History');
INSERT INTO Movies_Genres (movie_id, name) VALUES (7, 'Romance');
INSERT INTO Movies_Genres (movie_id, name) VALUES (8, 'Adventure');
INSERT INTO Movies_Genres (movie_id, name) VALUES (8, 'Family');
INSERT INTO Movies_Genres (movie_id, name) VALUES (8, 'Fantasy');
INSERT INTO Movies_Genres (movie_id, name) VALUES (9, 'Drama');
INSERT INTO Movies_Genres (movie_id, name) VALUES (10, 'Adventure');
INSERT INTO Movies_Genres (movie_id, name) VALUES (10, 'Biography');
INSERT INTO Movies_Genres (movie_id, name) VALUES (10, 'Drama');
INSERT INTO Movies_Genres (movie_id, name) VALUES (11, 'Mystery');
INSERT INTO Movies_Genres (movie_id, name) VALUES (11, 'Romance');
INSERT INTO Movies_Genres (movie_id, name) VALUES (11, 'Thriller');
INSERT INTO Movies_Genres (movie_id, name) VALUES (12, 'Horror');
INSERT INTO Movies_Genres (movie_id, name) VALUES (12, 'Mystery');
INSERT INTO Movies_Genres (movie_id, name) VALUES (12, 'Thriller');
INSERT INTO Movies_Genres (movie_id, name) VALUES (13, 'Crime');
INSERT INTO Movies_Genres (movie_id, name) VALUES (13, 'Drama');
INSERT INTO Movies_Genres (movie_id, name) VALUES (14, 'Crime');
INSERT INTO Movies_Genres (movie_id, name) VALUES (14, 'Drama');
INSERT INTO Movies_Genres (movie_id, name) VALUES (14, 'Thriller');
INSERT INTO Movies_Genres (movie_id, name) VALUES (15, 'Drama');
INSERT INTO Movies_Genres (movie_id, name) VALUES (15, 'Film-Noir');
INSERT INTO Movies_Genres (movie_id, name) VALUES (16, 'Drama');
INSERT INTO Movies_Genres (movie_id, name) VALUES (16, 'Romance');
INSERT INTO Movies_Genres (movie_id, name) VALUES (17, 'Biography');
INSERT INTO Movies_Genres (movie_id, name) VALUES (17, 'Drama');
INSERT INTO Movies_Genres (movie_id, name) VALUES (17, 'Family');
INSERT INTO Movies_Genres (movie_id, name) VALUES (17, 'Musical');
INSERT INTO Movies_Genres (movie_id, name) VALUES (18, 'Crime');
INSERT INTO Movies_Genres (movie_id, name) VALUES (18, 'Drama');
INSERT INTO Movies_Genres (movie_id, name) VALUES (19, 'Crime');
INSERT INTO Movies_Genres (movie_id, name) VALUES (19, 'Drama');
INSERT INTO Movies_Genres (movie_id, name) VALUES (20, 'Action');
INSERT INTO Movies_Genres (movie_id, name) VALUES (20, 'Adventure');
INSERT INTO Movies_Genres (movie_id, name) VALUES (20, 'Family');
INSERT INTO Movies_Genres (movie_id, name) VALUES (21, 'Adventure');
INSERT INTO Movies_Genres (movie_id, name) VALUES (21, 'Sci-fi');
INSERT INTO Movies_Genres (movie_id, name) VALUES (22, 'Family');
INSERT INTO Movies_Genres (movie_id, name) VALUES (22, 'Sci-fi');
INSERT INTO Movies_Genres (movie_id, name) VALUES (23, 'Crime');
INSERT INTO Movies_Genres (movie_id, name) VALUES (23, 'Drama');
INSERT INTO Movies_Genres (movie_id, name) VALUES (23, 'Thriller');
INSERT INTO Movies_Genres (movie_id, name) VALUES (24, 'Drama');
INSERT INTO Movies_Genres (movie_id, name) VALUES (24, 'Mystery');
INSERT INTO Movies_Genres (movie_id, name) VALUES (24, 'Thriller');
INSERT INTO Movies_Genres (movie_id, name) VALUES (25, 'Adventure');
INSERT INTO Movies_Genres (movie_id, name) VALUES (25, 'Drama');
INSERT INTO Movies_Genres (movie_id, name) VALUES (25, 'War');
INSERT INTO Movies_Genres (movie_id, name) VALUES (26, 'Comedy');
INSERT INTO Movies_Genres (movie_id, name) VALUES (26, 'Musical');
INSERT INTO Movies_Genres (movie_id, name) VALUES (26, 'Romance');
INSERT INTO Movies_Genres (movie_id, name) VALUES (27, 'Drama');
INSERT INTO Movies_Genres (movie_id, name) VALUES (27, 'Family');
INSERT INTO Movies_Genres (movie_id, name) VALUES (27, 'Fantasy');
INSERT INTO Movies_Genres (movie_id, name) VALUES (28, 'Comedy');
INSERT INTO Movies_Genres (movie_id, name) VALUES (28, 'War');
INSERT INTO Movies_Genres (movie_id, name) VALUES (29, 'Comedy');
INSERT INTO Movies_Genres (movie_id, name) VALUES (29, 'Romance');
INSERT INTO Movies_Genres (movie_id, name) VALUES (30, 'Adventure');
INSERT INTO Movies_Genres (movie_id, name) VALUES (30, 'Drama');
INSERT INTO Movies_Genres (movie_id, name) VALUES (30, 'History');
INSERT INTO Movies_Genres (movie_id, name) VALUES (31, 'Drama');
INSERT INTO Movies_Genres (movie_id, name) VALUES (31, 'War');
INSERT INTO Movies_Genres (movie_id, name) VALUES (32, 'Biography');
INSERT INTO Movies_Genres (movie_id, name) VALUES (32, 'Drama');
INSERT INTO Movies_Genres (movie_id, name) VALUES (32, 'History');
INSERT INTO Movies_Genres (movie_id, name) VALUES (33, 'Action');
INSERT INTO Movies_Genres (movie_id, name) VALUES (33, 'Adventure');
INSERT INTO Movies_Genres (movie_id, name) VALUES (33, 'Drama');
INSERT INTO Movies_Genres (movie_id, name) VALUES (34, 'Action');
INSERT INTO Movies_Genres (movie_id, name) VALUES (34, 'Adventure');
INSERT INTO Movies_Genres (movie_id, name) VALUES (34, 'Drama');
INSERT INTO Movies_Genres (movie_id, name) VALUES (35, 'Drama');
INSERT INTO Movies_Genres (movie_id, name) VALUES (35, 'Romance');
INSERT INTO Movies_Genres (movie_id, name) VALUES (36, 'Drama');
INSERT INTO Movies_Genres (movie_id, name) VALUES (36, 'Romance');
INSERT INTO Movies_Genres (movie_id, name) VALUES (36, 'War');
INSERT INTO Movies_Genres (movie_id, name) VALUES (37, 'Drama');
INSERT INTO Movies_Genres (movie_id, name) VALUES (37, 'War');
INSERT INTO Movies_Genres (movie_id, name) VALUES (38, 'Drama');
INSERT INTO Movies_Genres (movie_id, name) VALUES (38, 'Western');
INSERT INTO Movies_Genres (movie_id, name) VALUES (39, 'Action');
INSERT INTO Movies_Genres (movie_id, name) VALUES (39, 'Adventure');
INSERT INTO Movies_Genres (movie_id, name) VALUES (40, 'Drama');
INSERT INTO Movies_Genres (movie_id, name) VALUES (40, 'Sport');
INSERT INTO Movies_Genres (movie_id, name) VALUES (41, 'Drama');
INSERT INTO Movies_Genres (movie_id, name) VALUES (42, 'Comedy');
INSERT INTO Movies_Genres (movie_id, name) VALUES (42, 'Romance');
INSERT INTO Movies_Genres (movie_id, name) VALUES (43, 'Crime');
INSERT INTO Movies_Genres (movie_id, name) VALUES (43, 'Drama');
INSERT INTO Movies_Genres (movie_id, name) VALUES (44, 'Drama');
INSERT INTO Movies_Genres (movie_id, name) VALUES (44, 'Musical');
INSERT INTO Movies_Genres (movie_id, name) VALUES (44, 'Romance');
INSERT INTO Movies_Genres (movie_id, name) VALUES (45, 'Drama');
INSERT INTO Movies_Genres (movie_id, name) VALUES (45, 'Romance');
INSERT INTO Movies_Genres (movie_id, name) VALUES (45, 'War');
INSERT INTO Movies_Genres (movie_id, name) VALUES (46, 'Drama');
INSERT INTO Movies_Genres (movie_id, name) VALUES (46, 'Family');
INSERT INTO Movies_Genres (movie_id, name) VALUES (46, 'Musical');
INSERT INTO Movies_Genres (movie_id, name) VALUES (47, 'Crime');
INSERT INTO Movies_Genres (movie_id, name) VALUES (47, 'Drama');
INSERT INTO Movies_Genres (movie_id, name) VALUES (47, 'Sci-fi');
INSERT INTO Movies_Genres (movie_id, name) VALUES (48, 'Drama');
INSERT INTO Movies_Genres (movie_id, name) VALUES (48, 'Romance');
INSERT INTO Movies_Genres (movie_id, name) VALUES (48, 'War');
INSERT INTO Movies_Genres (movie_id, name) VALUES (49, 'Adventure');
INSERT INTO Movies_Genres (movie_id, name) VALUES (49, 'Drama');
INSERT INTO Movies_Genres (movie_id, name) VALUES (49, 'Western');
INSERT INTO Movies_Genres (movie_id, name) VALUES (50, 'Adventure');
INSERT INTO Movies_Genres (movie_id, name) VALUES (50, 'Drama');
INSERT INTO Movies_Genres (movie_id, name) VALUES (50, 'Thriller');
INSERT INTO Movies_Genres (movie_id, name) VALUES (51, 'Biography');
INSERT INTO Movies_Genres (movie_id, name) VALUES (51, 'Drama');
INSERT INTO Movies_Genres (movie_id, name) VALUES (51, 'War');
INSERT INTO Movies_Genres (movie_id, name) VALUES (52, 'Biography');
INSERT INTO Movies_Genres (movie_id, name) VALUES (52, 'Crime');
INSERT INTO Movies_Genres (movie_id, name) VALUES (52, 'Drama');
INSERT INTO Movies_Genres (movie_id, name) VALUES (53, 'Adventure');
INSERT INTO Movies_Genres (movie_id, name) VALUES (53, 'Drama');
INSERT INTO Movies_Genres (movie_id, name) VALUES (53, 'Western');
INSERT INTO Movies_Genres (movie_id, name) VALUES (54, 'Western');
INSERT INTO Movies_Genres (movie_id, name) VALUES (55, 'Comedy');
INSERT INTO Movies_Genres (movie_id, name) VALUES (55, 'Drama');
INSERT INTO Movies_Genres (movie_id, name) VALUES (55, 'Romance');
INSERT INTO Movies_Genres (movie_id, name) VALUES (56, 'Drama');
INSERT INTO Movies_Genres (movie_id, name) VALUES (56, 'War');
INSERT INTO Movies_Genres (movie_id, name) VALUES (57, 'Action');
INSERT INTO Movies_Genres (movie_id, name) VALUES (57, 'Drama');
INSERT INTO Movies_Genres (movie_id, name) VALUES (57, 'Thriller');
INSERT INTO Movies_Genres (movie_id, name) VALUES (58, 'Biography');
INSERT INTO Movies_Genres (movie_id, name) VALUES (58, 'Drama');
INSERT INTO Movies_Genres (movie_id, name) VALUES (58, 'History');
INSERT INTO Movies_Genres (movie_id, name) VALUES (59, 'Adventure');
INSERT INTO Movies_Genres (movie_id, name) VALUES (59, 'Drama');
INSERT INTO Movies_Genres (movie_id, name) VALUES (59, 'Western');
INSERT INTO Movies_Genres (movie_id, name) VALUES (60, 'Adventure');
INSERT INTO Movies_Genres (movie_id, name) VALUES (60, 'Sci-fi');
INSERT INTO Movies_Genres (movie_id, name) VALUES (60, 'Thriller');
INSERT INTO Movies_Genres (movie_id, name) VALUES (61, 'Horror');
INSERT INTO Movies_Genres (movie_id, name) VALUES (62, 'Biography');
INSERT INTO Movies_Genres (movie_id, name) VALUES (62, 'Drama');
INSERT INTO Movies_Genres (movie_id, name) VALUES (62, 'Music');
INSERT INTO Movies_Genres (movie_id, name) VALUES (63, 'Crime');
INSERT INTO Movies_Genres (movie_id, name) VALUES (63, 'Drama');
INSERT INTO Movies_Genres (movie_id, name) VALUES (64, 'Drama');
INSERT INTO Movies_Genres (movie_id, name) VALUES (64, 'War');
INSERT INTO Movies_Genres (movie_id, name) VALUES (65, 'Drama');
INSERT INTO Movies_Genres (movie_id, name) VALUES (65, 'War');
INSERT INTO Movies_Genres (movie_id, name) VALUES (66, 'Action');
INSERT INTO Movies_Genres (movie_id, name) VALUES (66, 'Biography');
INSERT INTO Movies_Genres (movie_id, name) VALUES (66, 'Crime');
INSERT INTO Movies_Genres (movie_id, name) VALUES (67, 'Action');
INSERT INTO Movies_Genres (movie_id, name) VALUES (67, 'Crime');
INSERT INTO Movies_Genres (movie_id, name) VALUES (67, 'Drama');
INSERT INTO Movies_Genres (movie_id, name) VALUES (68, 'Comedy');
INSERT INTO Movies_Genres (movie_id, name) VALUES (68, 'Drama');
INSERT INTO Movies_Genres (movie_id, name) VALUES (68, 'Romance');
INSERT INTO Movies_Genres (movie_id, name) VALUES (69, 'Comedy');
INSERT INTO Movies_Genres (movie_id, name) VALUES (69, 'Romance');
INSERT INTO Movies_Genres (movie_id, name) VALUES (70, 'Drama');
INSERT INTO Movies_Genres (movie_id, name) VALUES (70, 'Romance');
INSERT INTO Movies_Genres (movie_id, name) VALUES (71, 'Drama');
INSERT INTO Movies_Genres (movie_id, name) VALUES (72, 'Comedy');
INSERT INTO Movies_Genres (movie_id, name) VALUES (72, 'Drama');
INSERT INTO Movies_Genres (movie_id, name) VALUES (73, 'Drama');
INSERT INTO Movies_Genres (movie_id, name) VALUES (74, 'Comedy');
INSERT INTO Movies_Genres (movie_id, name) VALUES (74, 'Romance');
INSERT INTO Movies_Genres (movie_id, name) VALUES (75, 'Crime');
INSERT INTO Movies_Genres (movie_id, name) VALUES (75, 'Drama');
INSERT INTO Movies_Genres (movie_id, name) VALUES (75, 'Thriller');
INSERT INTO Movies_Genres (movie_id, name) VALUES (76, 'Drama');
INSERT INTO Movies_Genres (movie_id, name) VALUES (76, 'Western');
INSERT INTO Movies_Genres (movie_id, name) VALUES (77, 'Drama');
INSERT INTO Movies_Genres (movie_id, name) VALUES (77, 'Western');
INSERT INTO Movies_Genres (movie_id, name) VALUES (78, 'Drama');
INSERT INTO Movies_Genres (movie_id, name) VALUES (78, 'History');
INSERT INTO Movies_Genres (movie_id, name) VALUES (79, 'Crime');
INSERT INTO Movies_Genres (movie_id, name) VALUES (79, 'Drama');
INSERT INTO Movies_Genres (movie_id, name) VALUES (79, 'Fantasy');
INSERT INTO Movies_Genres (movie_id, name) VALUES (80, 'Drama');
INSERT INTO Movies_Genres (movie_id, name) VALUES (80, 'Sci-fi');
INSERT INTO Movies_Genres (movie_id, name) VALUES (81, 'Comedy');
INSERT INTO Movies_Genres (movie_id, name) VALUES (81, 'Drama');
INSERT INTO Movies_Genres (movie_id, name) VALUES (81, 'Music');
INSERT INTO Movies_Genres (movie_id, name) VALUES (82, 'Drama');
INSERT INTO Movies_Genres (movie_id, name) VALUES (83, 'Comedy');
INSERT INTO Movies_Genres (movie_id, name) VALUES (83, 'Drama');
INSERT INTO Movies_Genres (movie_id, name) VALUES (83, 'Romance');
INSERT INTO Movies_Genres (movie_id, name) VALUES (84, 'Comedy');
INSERT INTO Movies_Genres (movie_id, name) VALUES (84, 'Drama');
INSERT INTO Movies_Genres (movie_id, name) VALUES (85, 'Crime');
INSERT INTO Movies_Genres (movie_id, name) VALUES (85, 'Drama');
INSERT INTO Movies_Genres (movie_id, name) VALUES (86, 'Comedy');
INSERT INTO Movies_Genres (movie_id, name) VALUES (86, 'Drama');
INSERT INTO Movies_Genres (movie_id, name) VALUES (87, 'Drama');
INSERT INTO Movies_Genres (movie_id, name) VALUES (87, 'Romance');
INSERT INTO Movies_Genres (movie_id, name) VALUES (88, 'Adventure');
INSERT INTO Movies_Genres (movie_id, name) VALUES (88, 'Drama');
INSERT INTO Movies_Genres (movie_id, name) VALUES (88, 'Romance');
INSERT INTO Movies_Genres (movie_id, name) VALUES (89, 'Adventure');
INSERT INTO Movies_Genres (movie_id, name) VALUES (89, 'Western');
INSERT INTO Movies_Genres (movie_id, name) VALUES (90, 'Adventure');
INSERT INTO Movies_Genres (movie_id, name) VALUES (90, 'Biography');
INSERT INTO Movies_Genres (movie_id, name) VALUES (90, 'Drama');
INSERT INTO Movies_Genres (movie_id, name) VALUES (91, 'Comedy');
INSERT INTO Movies_Genres (movie_id, name) VALUES (91, 'Drama');
INSERT INTO Movies_Genres (movie_id, name) VALUES (91, 'War');
INSERT INTO Movies_Genres (movie_id, name) VALUES (92, 'Crime');
INSERT INTO Movies_Genres (movie_id, name) VALUES (92, 'Drama');
INSERT INTO Movies_Genres (movie_id, name) VALUES (92, 'Film-Noir');
INSERT INTO Movies_Genres (movie_id, name) VALUES (93, 'Film-Noir');
INSERT INTO Movies_Genres (movie_id, name) VALUES (93, 'Mystery');
INSERT INTO Movies_Genres (movie_id, name) VALUES (94, 'Drama');
INSERT INTO Movies_Genres (movie_id, name) VALUES (94, 'Romance');
INSERT INTO Movies_Genres (movie_id, name) VALUES (95, 'Crime');
INSERT INTO Movies_Genres (movie_id, name) VALUES (95, 'Drama');
INSERT INTO Movies_Genres (movie_id, name) VALUES (96, 'Mystery');
INSERT INTO Movies_Genres (movie_id, name) VALUES (96, 'Thriller');
INSERT INTO Movies_Genres (movie_id, name) VALUES (97, 'Film-Noir');
INSERT INTO Movies_Genres (movie_id, name) VALUES (97, 'Mystery');
INSERT INTO Movies_Genres (movie_id, name) VALUES (97, 'Thriller');
INSERT INTO Movies_Genres (movie_id, name) VALUES (98, 'Drama');
INSERT INTO Movies_Genres (movie_id, name) VALUES (99, 'Adventure');
INSERT INTO Movies_Genres (movie_id, name) VALUES (99, 'Mystery');
INSERT INTO Movies_Genres (movie_id, name) VALUES (99, 'Thriller');
INSERT INTO Movies_Genres (movie_id, name) VALUES (100, 'Biography');
INSERT INTO Movies_Genres (movie_id, name) VALUES (100, 'Drama');
INSERT INTO Movies_Genres (movie_id, name) VALUES (100, 'Musical');